{"cameraMode":{"drawMode":0,"name":"Shaded","section":"Shading Mode"},"sceneLighting":true,"audioPlay":false,"sceneViewState":{"m_AlwaysRefresh":false,"showFog":true,"showSkybox":true,"showFlares":true,"showImageEffects":true,"showParticleSystems":true,"showVisualEffectGraphs":true,"m_FxEnabled":true},"in2DMode":false,"pivot":{"x":213.75198364257813,"y":110.06192016601563,"z":-266.2200927734375},"rotation":{"x":0.0018628122052177787,"y":0.9980291128158569,"z":-0.05125332996249199,"w":0.03624511510133743},"size":1387.3614501953125,"orthographic":false}